{"Fid":"eQtS4IzFRuqCd5vMO3h58u","Status":3,"RefreshToken":"3_AS3qfwLaj3PvaqY7tGDdYMr_QX-j8S1HXdfoEcDslds-QopDaQJG-sIvXfHn6fxUhUn59iQRJ29dTWw59swnnzmqMh8NSLHLmPshqQJx7MJSKJQ","AuthToken":"eyJhbGciOiJFUzI1NiIsInR5cCI6IkpXVCJ9.eyJhcHBJZCI6IjE6MzY3MjY5MDA4OTg2OmFuZHJvaWQ6NzliMWNhNTQ5NTQxMTEyNCIsImV4cCI6MTc2NTEyOTU1MywiZmlkIjoiZVF0UzRJekZSdXFDZDV2TU8zaDU4dSIsInByb2plY3ROdW1iZXIiOjM2NzI2OTAwODk4Nn0.AB2LPV8wRAIgIFg8g3LJIBoKio-YR-BC72YUlzadoPmsAFqpxtXRoXQCIE0HQ_jKKUnaBfX0y8lWQzOZayZWGycWYXfGrigkCTaL","TokenCreationEpochInSecs":1764524752,"ExpiresInSecs":604800}