<?xml version='1.0' encoding='utf-8' standalone='yes' ?>
<map>
    <long name="fire-count" value="1" />
    <string name="last-used-date">2025-11-30</string>
    <long name="fire-global" value="1764524751911" />
    <set name="kotlin/2.0.21 device-brand/vivo android-min-sdk/26 fire-installations/18.0.0 fire-analytics/21.3.0 fire-android/35 fire-core/21.0.0 fire-iid/20.1.6 android-installer/com.android.shell fire-core-ktx/21.0.0 fire-cls-ndk/19.4.4 android-platform/ fire-sessions/2.1.2 fire-cls/19.4.4 fire-fcm/20.1.6 android-target-sdk/35 fire-transport/19.0.0 device-name/V2202 device-model/V2202">
        <string>2025-11-30</string>
    </set>
</map>
